,Unnamed: 0,power,base,Should Run,QPDS
0,0,2,2,False,0.0
0,0,2,3,False,0.0
0,0,2,4,False,0.0
0,0,2,5,True,97.99528448298646
0,0,2,6,True,97.16558342169836
0,0,2,7,False,0.0
0,0,2,8,False,0.0
0,0,2,9,False,0.0
0,0,2,10,False,0.0
0,0,2,11,False,0.0
0,0,3,2,False,0.0
0,0,3,3,False,0.0
0,0,3,4,False,0.0
0,0,3,5,True,99.0785436090228
0,0,3,6,False,0.0
0,0,3,7,False,0.0
0,0,3,8,False,0.0
0,0,3,9,True,87.77332556636776
0,0,3,10,True,89.1264247957412
0,0,3,11,True,88.60726761608275
