,Unnamed: 0,power,base,Should Run,QPDS
0,0,2,2,False,0.0
0,0,2,3,False,0.0
0,0,2,4,False,0.0
0,0,2,5,False,0.0
0,0,2,6,False,0.0
0,0,2,7,False,0.0
0,0,2,8,False,0.0
0,0,2,9,False,0.0
0,0,2,10,False,0.0
0,0,2,11,False,0.0
0,0,3,2,False,0.0
0,0,3,3,True,98.81659263660448
0,0,3,4,True,97.8001372100177
0,0,3,5,False,0.0
0,0,3,6,False,0.0
0,0,3,7,False,0.0
0,0,3,8,False,0.0
0,0,3,9,False,0.0
0,0,3,10,True,97.89001706810777
0,0,3,11,True,95.40011789955282
