,Unnamed: 0,power,base,Should Run,QPDS
0,0,2,2,False,0.0
0,0,2,3,True,91.06609893464012
0,0,2,4,False,0.0
0,0,2,5,True,96.37459666763245
0,0,2,6,True,95.80550083500444
0,0,2,7,True,94.01130135685123
0,0,2,8,True,84.83657760238937
0,0,2,9,False,0.0
0,0,2,10,False,0.0
0,0,2,11,False,0.0
0,0,2,12,False,0.0
0,0,2,13,True,87.64534874943462
0,0,2,14,True,83.70970282305592
0,0,2,15,True,80.79076241679324
0,0,2,16,False,0.0
0,0,2,17,True,92.4671920697143
0,0,2,18,True,93.84418052622836
0,0,2,19,True,97.8996757952308
0,0,2,20,True,98.92210191469336
0,0,2,21,True,98.76856172322736
0,0,2,22,True,98.67074130791768
0,0,2,23,True,96.56081286423526
0,0,2,24,True,99.65958418798694
0,0,2,25,False,0.0
0,0,3,2,False,0.0
0,0,3,3,False,0.0
0,0,3,4,True,99.1552019735995
0,0,3,5,True,99.646466609238
0,0,3,6,True,85.99636821807646
0,0,3,7,True,86.9040473857188
0,0,3,8,False,0.0
0,0,3,9,True,94.83384841029655
0,0,3,10,True,96.18399343665344
0,0,3,11,True,95.63526074234665
